Number,Title,Author,Contribution,Contributor type,Category,Date
1,Endo research,me (dylan) by contributing here.com,,,,
2,Endo research,me (dylan) by contributing here.com,,,,
3,Endo research,me (dylan) by contributing here.com,,,,
4,Endo research,me (dylan) by contributing here.com,,,,
5,a me document,endocannabinoid researcher by contributing here.com/me,,,,
6,a me document,endocannabinoid researcher by contributing here.com/me,,,,
7,a me document,endocannabinoid researcher by contributing here.com/me,,,,
8,endocannabinoid system paper of now,me and myself by contributing dpe-esrc.streamlit.app,,,,
9,endocannabinoid system paper of now,me and myself by contributing dpe-esrc.streamlit.app,,,,
10,,,,,,
11,,,,,,
12,endocannabinoid system modeling with real world pulse oximeter acquired data,dylan by contributing dpe-esrc.streamlit.app,,,,
13,endocannabinoid system modeling with real world pulse oximeter acquired data,dylan by contributing dpe-esrc.streamlit.app,,,,
14,endocannabinoid system modeling with real world pulse oximeter acquired data,dylan by contributing dpe-esrc.streamlit.app,,,,
15,Flower,ESRC on streamlit,This flower product is grown with a soil mixture that has peppers of composted nature in it,Retailer,Product Offering,7/17/2024
16,endocannabinoid system research with pulse oximeter recordings,dylan by contributing dpe-esrc.streamlit.app,,,,
17,endocannabinoid system research with pulse oximeter recordings,dylan by contributing dpe-esrc.streamlit.app,,,,
